timestamp,light_reading
2020-04-11 18:40:18.310627,5.154639175257732
2020-04-11 18:42:01.740119,5.555555555555555
2020-04-11 18:43:02.035810,5.9523809523809526
2020-04-11 18:44:01.323497,5.128205128205129
2020-04-11 18:45:01.621463,5.291005291005291
2020-04-11 18:46:01.925748,5.434782608695652
2020-04-11 18:47:02.243100,5.154639175257732
2020-04-11 18:48:01.496009,6.802721088435374
2020-04-11 18:49:01.758603,5.05050505050505
2020-04-11 18:50:02.062381,4.9504950495049505
2020-04-11 18:51:01.368846,4.854368932038835
2020-04-11 18:52:01.683855,5.0
2020-04-11 18:53:02.020757,4.8076923076923075
2020-04-11 18:54:01.355493,5.2356020942408374
2020-04-11 18:55:01.662462,6.097560975609756
2020-04-11 18:56:01.944414,7.8125
2020-04-11 18:57:04.433058,8.064516129032258
2020-04-11 18:58:01.733017,8.130081300813009
2020-04-11 18:59:02.044644,7.407407407407407
2020-04-11 19:00:01.397692,6.329113924050633
2020-04-11 19:01:01.725288,5.1020408163265305
2020-04-11 19:02:02.113091,10.0
2020-04-11 19:03:01.449434,4.219409282700422
2020-04-11 19:04:01.751085,3.0959752321981426
2020-04-11 19:05:02.068712,3.5587188612099645
2020-04-11 19:06:01.314171,3.5587188612099645
2020-04-11 19:07:01.629739,3.257328990228013
2020-04-11 19:08:01.929697,3.3783783783783785
2020-04-11 19:09:02.218089,3.2051282051282053
2020-04-11 19:10:01.529629,3.3557046979865772
2020-04-11 19:11:01.796080,3.4364261168384878
2020-04-11 19:12:02.102704,3.0303030303030303
2020-04-11 19:13:01.412648,3.194888178913738
2020-04-11 19:14:01.688346,2.932551319648094
2020-04-11 19:15:02.010752,3.1055900621118013
2020-04-11 19:16:01.307241,2.9154518950437316
2020-04-11 19:17:01.635301,2.824858757062147
2020-04-11 19:19:02.242414,2.865329512893983
2020-04-11 19:20:01.540212,2.5
2020-04-11 19:21:01.822311,2.5839793281653747
2020-04-11 19:22:02.153219,2.7247956403269753
2020-04-11 19:23:01.421740,2.6109660574412534
2020-04-11 19:24:01.767746,2.3923444976076556
2020-04-11 19:25:02.082090,2.2271714922048997
2020-04-11 19:26:01.411308,2.3696682464454977
2020-04-11 19:27:01.674363,2.380952380952381
2020-04-11 19:28:01.968100,2.3923444976076556
2020-04-11 19:29:01.217704,1.8484288354898337
2020-04-11 19:30:01.539230,2.1321961620469083
2020-04-11 19:31:01.825053,2.109704641350211
2020-04-11 19:32:02.156221,2.1645021645021645
2020-04-11 19:33:01.474426,2.192982456140351
2020-04-11 19:34:01.796925,2.0242914979757085
2020-04-11 19:35:02.133101,1.8691588785046729
2020-04-11 19:36:01.428258,1.9230769230769231
2020-04-11 19:37:01.705304,1.7953321364452424
2020-04-11 19:38:02.055787,1.8050541516245486
2020-04-11 19:39:01.383895,1.6501650165016502
2020-04-11 19:40:01.692103,1.6286644951140066
2020-04-11 19:41:01.939152,1.440922190201729
2020-04-11 19:42:02.239968,1.5625
2020-04-11 19:43:01.568581,1.3192612137203166
2020-04-11 19:44:01.866059,1.402524544179523
2020-04-11 19:45:02.109509,1.1890606420927468
2020-04-11 19:46:01.374686,1.5384615384615385
2020-04-11 19:47:01.692023,1.1025358324145536
2020-04-11 19:48:01.993889,1.0141987829614605
2020-04-11 19:49:01.237508,2.8328611898016995
2020-04-11 19:50:01.521248,0.9182736455463728
2020-04-11 19:51:01.807571,0.9066183136899365
2020-04-11 19:52:02.068849,0.8058017727639001
2020-04-11 19:53:01.357942,0.7575757575757576
2020-04-11 19:54:01.606104,1.9267822736030829
2020-04-11 19:55:01.945989,0.7107320540156361
2020-04-11 19:56:02.283008,0.6006006006006006
2020-04-11 19:57:01.588481,0.5662514156285391
2020-04-11 19:58:01.906871,0.5730659025787965
2020-04-11 19:59:02.226225,0.4985044865403789
2020-04-11 20:00:01.615331,0.44742729306487694
2020-04-11 20:01:01.802000,0.37509377344336087
2020-04-11 20:02:01.725513,0.3497726477789437
2020-04-11 20:03:01.980867,0.3089280197713933
2020-04-11 20:04:01.292083,0.2991325157044571
2020-04-11 20:05:01.226354,0.2515090543259557
2020-04-11 20:06:01.494119,0.22972662531587412
2020-04-11 20:07:01.592591,0.21290185224611455
2020-04-11 20:08:01.684385,0.16826518593303044
2020-04-11 20:09:01.637768,0.16633399866932802
2020-04-11 20:10:01.609732,0.14764506127270044
2020-04-11 20:11:01.914430,0.11886366337810532
2020-04-11 20:12:01.305498,0.10564124234100992
2020-04-11 20:13:01.689267,0.09695559433779329
2020-04-11 20:14:02.004054,0.08528057308545113
2020-04-11 20:15:01.342232,0.08308408109006314
2020-04-11 20:16:01.659244,0.0565482922415743
2020-04-11 20:17:01.949605,0.059513182169850624
2020-04-11 20:18:02.265914,0.0548456096089508
2020-04-11 20:19:01.568573,0.05237247302817639
2020-04-11 20:20:01.927852,0.04916179145568064
2020-04-11 20:21:02.261466,0.04337453914552158
2020-04-11 20:22:01.525714,0.027932960893854747
2020-04-11 20:23:01.886456,0.03572704537334762
2020-04-11 20:24:02.208120,0.028538812785388126
2020-04-11 20:04:01.878068,0.04396377385034731
2020-04-12 00:00:24.663989,0.015245064410397134
2020-04-12 00:01:01.400593,0.021589878664881903
2020-04-12 00:03:35.021347,0.015669314780864634
2020-04-12 00:04:01.308966,0.01529683508482095
2020-04-12 00:05:01.709781,0.017581799321342545
2020-04-12 00:06:02.075157,0.01733162327983639
2020-04-12 00:07:01.472303,0.01678077594307961
2020-04-12 00:08:01.805744,0.016072777536686116
2020-04-12 00:09:02.095712,0.01643871646501841
2020-04-12 00:10:01.499674,0.015620118712902219
2020-04-12 00:11:01.914811,0.014666842668778692
2020-04-12 00:12:02.277944,0.015345661014348193
2020-04-12 00:13:01.684040,0.015577294535485077
2020-04-12 00:14:02.249980,0.015344248208559022
2020-04-12 00:15:01.671758,0.013134563604124253
2020-04-12 00:16:02.114652,0.010864723329820407
2020-04-12 00:17:01.562647,0.008229707598489025
2020-04-12 00:18:01.979233,0.008138550686893679
2020-04-12 00:19:01.391072,0.008300201694901185
2020-04-12 00:20:01.846685,0.008490550017830155
2020-04-12 00:21:02.278077,0.007970795007094007
2020-04-12 00:22:01.620542,0.00806055085804564
2020-04-12 00:23:02.047906,0.008167465717062653
2020-04-12 00:24:01.486336,0.008249667950864977
2020-04-12 00:25:01.952841,0.007806766905553734
2020-04-12 00:26:02.369521,0.007917468310333088
2020-04-12 00:27:01.807419,0.007965779013358612
2020-04-12 00:28:02.198525,0.0080300000803
2020-04-12 00:29:01.614801,0.007999680012799487
2020-04-12 00:30:02.057708,0.008010060636159015
2020-04-12 00:31:01.498124,0.008572212316554657
2020-04-12 00:32:01.830479,0.0201922300298845
2020-04-12 00:33:02.282069,0.008365260745177428
2020-04-12 00:34:01.710805,0.00851411640499949
2020-04-12 00:35:02.099528,0.008354149088144627
2020-04-12 00:36:01.518239,0.008442808415791429
2020-04-12 00:37:01.953720,0.007999744008191739
2020-04-12 00:38:02.356025,0.008211731279305617
2020-04-12 00:39:01.797629,0.008268699664290793
2020-04-12 00:40:02.214873,0.008053475074494644
2020-04-12 00:41:01.651263,0.0083760511944249
2020-04-12 00:42:02.068472,0.007725646829780823
2020-04-12 00:43:01.504425,0.008387713677005922
2020-04-12 00:44:01.955560,0.007907013520993121
2020-04-12 00:45:02.343266,0.007831344171913668
2020-04-12 00:46:01.768262,0.007693668879878748
2020-04-12 00:47:02.207835,0.007713549621264713
2020-04-12 00:48:01.546120,0.007583570951889826
2020-04-12 00:49:02.000006,0.00759866871324144
2020-04-12 00:50:01.453352,0.008396446623788812
2020-04-12 00:51:01.881554,0.0076918935134262
2020-04-12 00:52:02.317307,0.007738021542651975
2020-04-12 00:53:01.713436,0.007356781849347821
2020-04-12 00:54:02.104907,0.007570939705036189
2020-04-12 00:55:01.503772,0.0077196232823838196
2020-04-12 00:56:01.955474,0.0074661410503367226
2020-04-12 00:57:02.391195,0.007715096901617084
2020-04-12 00:58:01.826500,0.008039748516666398
2020-04-12 00:59:02.224524,0.00753289994049009
2020-04-12 01:00:01.643933,0.007539317540976191
2020-04-12 01:01:01.710062,0.007440753004204026
2020-04-12 01:02:02.128479,0.007825644637477012
2020-04-12 01:03:01.535708,0.007269713645979485
2020-04-12 01:04:01.935667,0.007410755971216623
2020-04-12 01:05:02.366749,0.00773754255648406
2020-04-12 01:06:01.781747,0.007254682897810537
2020-04-12 01:07:02.194944,0.007331109563432425
2020-04-12 01:08:01.612420,0.007766025192985726
2020-04-12 01:09:02.059032,0.0073444626423907694
2020-04-12 01:10:01.477053,0.007469766121622732
2020-04-12 01:11:01.888699,0.00777961895426362
2020-04-12 01:12:02.290417,0.007437764505500227
2020-04-12 01:13:01.746091,0.007303481569664259
2020-04-12 01:14:02.180705,0.007807864080702083
2020-04-12 01:15:01.588807,0.007506943923128894
2020-04-12 01:16:02.021215,0.007501143924448479
2020-04-12 01:17:01.465747,0.00853431648659259
2020-04-12 01:18:01.910852,0.007452953232718464
2020-04-12 01:19:02.359891,0.007899580532273737
2020-04-12 01:20:01.806683,0.007512019230769231
2020-04-12 01:21:02.255571,0.007471719541535289
2020-04-12 01:22:01.711740,0.007961720049999602
2020-04-12 01:23:02.104632,0.007541307511896413
2020-04-12 01:24:01.497998,0.007759456838021339
2020-04-12 01:25:01.921448,0.00819000819000819
2020-04-12 01:26:02.374902,0.007735148514851485
2020-04-12 01:27:01.711515,0.015388876919762396
2020-04-12 01:28:02.167262,0.007875504032258064
2020-04-12 01:29:01.585268,0.00732005475400956
2020-04-12 01:30:02.029719,0.007544493651308592
2020-04-12 01:31:01.438936,0.007510834378591118
2020-04-12 01:32:01.881297,0.007584663809776631
2020-04-12 01:33:02.316943,0.007587483686910073
2020-04-12 01:34:01.735050,0.007742814667988107
2020-04-12 01:35:02.170364,0.007250632617695894
2020-04-12 01:36:01.611904,0.00775560536377667
2020-04-12 01:37:02.059269,0.007520549902608879
2020-04-12 01:38:01.480708,0.007567788465176821
2020-04-12 01:39:01.889180,0.007249003262051468
2020-04-12 01:40:02.292272,0.007501143924448479
2020-04-12 01:41:01.734845,0.0074102068188723145
2020-04-12 01:42:02.170373,0.007078142695356738
2020-04-12 01:43:01.613396,0.007503338985848703
2020-04-12 01:44:02.065471,0.007315503013987242
2020-04-12 01:45:01.483429,0.0073031082028511335
2020-04-12 01:46:01.878931,0.007416637000118667
2020-04-12 01:47:02.318649,0.0073770794142598945
2020-04-12 01:48:01.763108,0.007620441071129197
2020-04-12 01:49:02.187569,0.007798183023355558
2020-04-12 01:50:01.594737,0.007454064328575156
2020-04-12 01:51:01.995618,0.007603926667731216
2020-04-12 01:52:01.333153,0.007343276129212287
2020-04-12 01:53:01.741203,0.007169589469306988
2020-04-12 01:54:02.143040,0.007625845515621545
2020-04-12 01:55:01.544425,0.007586735351910719
2020-04-12 01:56:01.944383,0.0072335869911171555
2020-04-12 01:57:02.285975,0.009785118791342126
2020-04-12 01:58:01.658282,0.008010766470135863
2020-04-12 01:59:02.118083,0.007188917564682286
2020-04-12 02:00:01.521931,0.007169178268786831
2020-04-12 02:01:01.457075,0.007485310078970022
2020-04-12 02:02:01.890433,0.006820631044784264
2020-04-12 02:03:02.326227,0.0073124003685449785
2020-04-12 02:04:01.737923,0.006993593868016896
2020-04-12 02:05:02.141198,0.006967475822858895
2020-04-12 02:06:01.543422,0.007138013490845497
2020-04-12 02:07:01.980498,0.007019021548396153
2020-04-12 02:08:01.339733,0.007081551142962355
2020-04-12 02:09:01.775912,0.007473841554559043
2020-04-12 02:10:02.191721,0.008097231556530821
2020-04-12 02:11:01.625242,0.007272198385571959
2020-04-12 02:12:02.069159,0.007886435331230283
2020-04-12 02:13:01.493623,0.007184940364994971
2020-04-12 02:14:01.924475,0.007415866989009685
2020-04-12 02:15:02.370918,0.0073289603869691085
2020-04-12 02:16:01.790118,0.007318929679723637
2020-04-12 02:17:02.197985,0.007495465243527666
2020-04-12 02:18:01.658287,0.006910945555570913
2020-04-12 02:19:02.110735,0.007364421009220255
2020-04-12 02:20:01.567824,0.007193313096145823
2020-04-12 02:21:02.015894,0.00783705201451422
2020-04-12 02:22:01.465260,0.007329658731089481
2020-04-12 02:23:01.886142,0.006990562740300594
2020-04-12 02:24:02.297109,0.0070675373872727786
2020-04-12 02:25:01.728592,0.007236989701763654
2020-04-12 02:26:02.172214,0.0073917478526972485
2020-04-12 02:27:01.514811,0.007347862506796773
2020-04-12 02:28:01.970706,0.007639419404125287
2020-04-12 02:29:02.389178,0.007389836019538727
2020-04-12 02:30:01.795451,0.007140103103088808
2020-04-12 02:31:02.228680,0.0073405270498421785
2020-04-12 02:32:01.649804,0.00727743775971356
2020-04-12 02:33:02.109422,0.007812927269460049
2020-04-12 02:34:01.567637,0.007103382630808791
2020-04-12 02:35:01.982729,0.00717370407035969
2020-04-12 02:36:01.396414,0.007407901267491907
2020-04-12 02:37:01.805788,0.0075160279295597866
2020-04-12 02:38:02.233110,0.007106310403638431
2020-04-12 02:39:01.673471,0.007283268148083408
2020-04-12 02:40:02.084406,0.007120123605345789
2020-04-12 02:41:01.445110,0.007919474780432562
2020-04-12 02:42:01.800857,0.013260313208597987
2020-04-12 02:43:02.214619,0.007640119797078418
2020-04-12 02:44:01.625380,0.007072836065805666
2020-04-12 02:45:02.069511,0.007360518180479906
2020-04-12 02:46:01.424121,0.007993924617290859
2020-04-12 02:47:01.813586,0.007272991745154369
2020-04-12 02:48:02.235888,0.007773813133079907
2020-04-12 02:49:01.639605,0.0075597218022376775
2020-04-12 02:50:02.076291,0.007321126574957354
2020-04-12 02:51:01.491347,0.007572946406258283
2020-04-12 02:52:01.918845,0.0071028780862005285
2020-04-12 02:53:02.372490,0.007139032661074424
2020-04-12 02:54:01.816942,0.008407741848694278
2020-04-12 02:55:02.161772,0.0077396385588793006
2020-04-12 02:56:03.062110,0.007637144013624665
2020-04-12 02:57:01.410946,0.0074014314368398846
2020-04-12 02:58:01.832123,0.007561894103234978
2020-04-12 02:59:02.241103,0.007299163515861082
2020-04-12 03:00:01.651975,0.007758674197753088
2020-04-12 03:01:01.736158,0.007061199415332688
2020-04-12 03:02:02.202116,0.007204091924212953
2020-04-12 03:03:01.659820,0.007311384556893539
2020-04-12 03:04:02.010862,0.0075289299131914384
2020-04-12 03:05:01.364016,0.012955885210857032
2020-04-12 03:06:03.901366,0.007024346384568916
2020-04-12 03:07:02.319589,0.00722971702887549
2020-04-12 03:08:04.890482,0.007089382940108893
2020-04-12 03:09:02.292002,0.007602481449945262
2020-04-12 03:10:01.731061,0.007179833284271139
2020-04-12 03:11:02.171482,0.007008199593524424
2020-04-12 03:12:01.560418,0.007214018280322323
2020-04-12 03:13:02.011312,0.007759697682178302
2020-04-12 03:14:01.435609,0.007314165344021767
2020-04-12 03:15:01.843689,0.0071498026654464334
2020-04-12 03:16:02.277593,0.007025925665706457
2020-04-12 03:17:01.705608,0.0069343318771236395
2020-04-12 03:18:02.167963,0.007180142597631989
2020-04-12 03:19:01.587849,0.007354942153379964
2020-04-12 03:20:01.996745,0.007486598987811817
2020-04-12 03:21:01.428616,0.00806276052794956
2020-04-12 03:22:01.894096,0.007279503829019014
2020-04-12 03:23:02.327739,0.007482173721109457
2020-04-12 03:24:01.742005,0.007266385699752943
2020-04-12 03:25:02.175711,0.007254209254920168
2020-04-12 03:26:01.637949,0.007233796296296296
2020-04-12 03:27:02.073187,0.00770540688401051
2020-04-12 03:28:01.487564,0.007117032482136248
2020-04-12 03:29:01.897200,0.007236047092194476
2020-04-12 03:30:02.357128,0.006961509812248081
2020-04-12 03:31:01.787861,0.007168921292413131
2020-04-12 03:32:02.194202,0.0074109207327918425
2020-04-12 03:33:01.597212,0.0073637160256551865
2020-04-12 03:34:01.996798,0.007395847970949109
2020-04-12 03:35:01.428592,0.007758914993327333
2020-04-12 03:36:01.869324,0.00754341233800522
2020-04-12 03:37:02.314763,0.007775505602251786
2020-04-12 03:38:01.736949,0.0069453126085205095
2020-04-12 03:39:02.145129,0.007149138171393439
2020-04-12 03:40:01.577794,0.0073730544352608954
2020-04-12 03:41:02.019247,0.007095620582976187
2020-04-12 03:42:01.475060,0.007464859175431655
2020-04-12 03:43:01.923869,0.007000644059253451
2020-04-12 03:44:02.352550,0.007107573119158463
2020-04-12 03:45:01.784699,0.007019514249613927
2020-04-12 03:46:02.193959,0.00688250192710054
2020-04-12 03:47:01.536258,0.007181637987992301
2020-04-12 03:48:01.947457,0.00744402096236303
2020-04-12 03:49:02.378894,0.00754341233800522
2020-04-12 03:50:01.792609,0.00738956298124529
2020-04-12 03:51:02.257509,0.007015377707935796
2020-04-12 03:52:01.687333,0.0070991970808101604
2020-04-12 03:53:02.124709,0.007446903577492479
2020-04-12 03:54:01.576919,0.007231808386005004
2020-04-12 03:55:01.990900,0.007107977282904604
2020-04-12 03:56:01.427830,0.006986850746894345
2020-04-12 03:57:01.852858,0.0069926646947352225
2020-04-12 03:58:02.286463,0.008221791034959056
2020-04-12 03:59:01.694032,0.008423606314335294
2020-04-12 04:00:02.072196,0.007304495186337672
2020-04-12 04:01:02.176409,0.007114905727499111
2020-04-12 04:02:01.597720,0.00708024752545349
2020-04-12 04:03:02.000933,0.007262005911272812
2020-04-12 04:04:01.458492,0.0070575614713604155
2020-04-12 04:05:01.912491,0.007329981088648792
2020-04-12 04:06:02.364102,0.007914523149980214
2020-04-12 04:07:01.808519,0.0077681970014759575
2020-04-12 04:08:02.232500,0.007670770528899628
2020-04-12 04:09:01.632209,0.0073652346195488055
2020-04-12 04:10:02.069499,0.0076823206754296335
2020-04-12 04:11:01.488057,0.007189486095533891
2020-04-12 04:12:01.868149,0.007247689798876608
2020-04-12 04:13:02.322102,0.0071453580181635
2020-04-12 04:14:01.747794,0.007417242121034557
2020-04-12 04:15:02.148936,0.007189796241174525
2020-04-12 04:16:01.492485,0.007095570235501976
2020-04-12 04:17:01.933196,0.007421866302500427
2020-04-12 04:18:02.383745,0.007235523526304746
2020-04-12 04:19:01.798513,0.007267230603761519
2020-04-12 04:20:02.201056,0.007184527401787511
2020-04-12 04:21:01.660009,0.007309033234174115
2020-04-12 04:22:02.087112,0.0077018461325179645
2020-04-12 04:23:01.524006,0.006780028747321889
2020-04-12 04:24:01.942169,0.007272198385571959
2020-04-12 04:25:02.377889,0.008055810656226335
2020-04-12 04:26:01.821971,0.007084611515327557
2020-04-12 04:27:02.269921,0.00718922766127235
2020-04-12 04:28:01.688503,0.006919649035400924
2020-04-12 04:29:02.094809,0.007005155794664874
2020-04-12 04:30:01.555272,0.0075192492781520695
2020-04-12 04:31:01.985055,0.006952797458057249
2020-04-12 04:32:01.327082,0.006929094575211857
2020-04-12 04:33:01.768954,0.007526946468356717
2020-04-12 04:34:02.214291,0.007091645332633624
2020-04-12 04:35:01.664652,0.007450732034422382
2020-04-12 04:36:02.086091,0.007100860624307666
2020-04-12 04:37:01.497687,0.007683206048219801
2020-04-12 04:38:01.929225,0.007372891353073021
2020-04-12 04:39:02.359772,0.007328101069169946
2020-04-12 04:40:01.781483,0.007366970922565769
2020-04-12 04:41:02.195340,0.0073132025245175114
2020-04-12 04:42:01.628572,0.007360355652385123
2020-04-12 04:43:02.069315,0.007294956996228507
2020-04-12 04:44:01.487473,0.007485590238790329
2020-04-12 04:45:01.900650,0.007145919679862799
2020-04-12 04:46:02.307533,0.007133685261806249
2020-04-12 04:47:01.771968,0.007170257770766859
2020-04-12 04:48:02.187660,0.007332614737089098
2020-04-12 04:49:01.595790,0.007171491885456931
2020-04-12 04:50:02.022609,0.007247427163357008
2020-04-12 04:51:01.467404,0.00762700876343307
2020-04-12 04:52:01.886708,0.007517892584350754
2020-04-12 04:53:02.322344,0.007608091966615693
2020-04-12 04:54:01.772552,0.007457677679170706
2020-04-12 04:55:02.188347,0.006973014434139879
2020-04-12 04:56:01.602057,0.007339018626429274
2020-04-12 04:57:02.058618,0.007233377698049881
2020-04-12 04:58:01.495045,0.007488000479232031
2020-04-12 04:59:01.900904,0.006871954865000447
2020-04-12 05:00:02.326092,0.00711997152011392
2020-04-12 05:01:01.516544,0.007029086359355011
2020-04-12 05:02:01.934855,0.007415592023789219
2020-04-12 05:03:02.371023,0.00841998905401423
2020-04-12 05:04:01.788019,0.007269819344989277
2020-04-12 05:05:02.221000,0.007747913874189375
2020-04-12 05:06:01.639060,0.007470826422818893
2020-04-12 05:07:02.078475,0.007677071657786853
2020-04-12 05:08:01.490818,0.008032322063985478
2020-04-12 05:09:01.923295,0.007239032865209208
2020-04-12 05:10:02.338161,0.00734780851611007
2020-04-12 05:11:01.744273,0.007489065963693008
2020-04-12 05:12:02.145369,0.007666007390031124
2020-04-12 05:13:01.546437,0.007882332539845192
2020-04-12 05:14:01.981905,0.007506662162669369
2020-04-12 05:15:01.387843,0.007632597296534037
2020-04-12 05:16:01.789145,0.007509819088458159
2020-04-12 05:17:02.195677,0.007601556798832401
2020-04-12 05:18:01.618687,0.007644207983610818
2020-04-12 05:19:02.055722,0.007594052338208715
2020-04-12 05:20:01.503290,0.0077273183886995694
2020-04-12 05:21:01.947294,0.008673026886383347
2020-04-12 05:22:02.365532,0.008167999411904043
2020-04-12 05:23:01.771845,0.008237707281309466
2020-04-12 05:24:02.199398,0.00849393957411387
2020-04-12 05:25:01.610488,0.009182230547444586
2020-04-12 05:26:01.931946,0.013212483154083979
2020-04-12 05:27:02.364498,0.009526440635985177
2020-04-12 05:28:01.776252,0.009546448243930845
2020-04-12 05:29:02.199066,0.009981334903730025
2020-04-12 05:30:01.594554,0.01095314245657079
2020-04-12 05:31:01.959339,0.011056809889210765
2020-04-12 05:32:02.339727,0.011690847235699171
2020-04-12 05:33:01.709704,0.01226692836113837
2020-04-12 05:34:02.109341,0.013113894170874042
2020-04-12 05:35:01.509461,0.015313701168435398
2020-04-12 05:36:01.858516,0.015623779392234981
2020-04-12 05:37:02.255363,0.017485574401119076
2020-04-12 05:38:01.643398,0.018732906223071447
2020-04-12 05:39:01.967191,0.019919525118521176
2020-04-12 05:40:02.306958,0.022550456646747097
2020-04-12 05:41:01.644141,0.025041318174988732
2020-04-12 05:42:01.991066,0.02889922839060197
2020-04-12 05:43:01.307677,0.03070027323243177
2020-04-12 05:44:01.638042,0.03458173392813916
2020-04-12 05:45:01.983789,0.04187604690117253
2020-04-12 05:46:01.296558,0.046790192775594236
2020-04-12 05:47:01.602789,0.05127679212388473
2020-04-12 05:48:01.900830,0.060219197880284236
2020-04-12 05:49:02.198471,0.06490977541217707
2020-04-12 05:50:01.500755,0.08318775476249896
2020-04-12 05:51:01.822882,0.08435970980259828
2020-04-12 05:52:02.057105,0.0947238798901203
2020-04-12 05:53:01.402063,0.10749220681500592
2020-04-12 05:54:01.749717,0.12186205215695832
2020-04-12 05:55:02.059179,0.14122299110295156
2020-04-12 05:56:01.399986,0.16126431220770843
2020-04-12 05:57:01.695792,0.17409470752089137
2020-04-12 05:58:02.052250,0.19561815336463223
2020-04-12 05:59:01.368742,0.20881186051367717
2020-04-12 06:00:01.684030,0.2608242044861763
2020-04-12 06:01:01.911140,0.25773195876288657
2020-04-12 06:02:02.249750,0.31357792411414237
2020-04-12 06:03:01.568501,0.30012004801920766
2020-04-12 06:04:01.901557,0.35536602700781805
2020-04-12 06:05:02.187948,0.38819875776397517
2020-04-12 06:06:01.509494,0.45955882352941174
2020-04-12 06:07:01.794877,0.42607584149978694
2020-04-12 06:08:02.084384,0.46360686138154844
2020-04-12 06:09:01.381786,0.4854368932038835
2020-04-12 06:10:01.724477,0.5757052389176741
2020-04-12 06:11:02.011511,0.5649717514124294
2020-04-12 06:12:01.355501,0.5813953488372093
2020-04-12 06:13:01.697529,0.6666666666666666
2020-04-12 06:14:02.013073,0.6944444444444444
2020-04-12 06:15:01.354607,0.7412898443291327
2020-04-12 06:16:01.656227,0.7220216606498195
2020-04-12 06:17:01.967801,0.778816199376947
2020-04-12 06:18:02.272896,0.8741258741258742
2020-04-12 06:19:01.602763,0.8503401360544217
2020-04-12 06:20:01.888711,0.9149130832570905
2020-04-12 06:21:02.199234,1.1273957158962795
2020-04-12 06:22:01.510062,1.1098779134295227
2020-04-12 06:23:01.849234,1.1160714285714286
2020-04-12 06:24:02.134627,1.1049723756906078
2020-04-12 06:25:01.429379,1.1061946902654867
2020-04-12 06:26:01.726446,1.183431952662722
2020-04-12 06:27:02.065708,1.183431952662722
2020-04-12 06:28:01.371939,1.2484394506866416
2020-04-12 06:29:01.713289,1.3020833333333333
2020-04-12 06:30:02.003143,1.3071895424836601
2020-04-12 06:31:01.316484,1.3315579227696406
2020-04-12 06:32:01.662698,1.3986013986013985
2020-04-12 06:33:01.969696,1.4970059880239521
2020-04-12 06:34:02.272396,1.5267175572519085
2020-04-12 06:35:01.572950,1.4705882352941178
2020-04-12 06:36:01.873202,1.5337423312883436
2020-04-12 06:37:02.099636,1.594896331738437
2020-04-12 06:38:01.465127,1.594896331738437
2020-04-12 06:39:01.770109,1.6286644951140066
2020-04-12 06:40:02.095677,1.7123287671232876
2020-04-12 06:41:01.385444,1.680672268907563
2020-04-12 06:42:01.610935,1.9011406844106464
2020-04-12 06:43:01.948174,2.1052631578947367
2020-04-12 06:44:02.234171,1.876172607879925
2020-04-12 06:45:01.558552,2.0618556701030926
2020-04-12 06:46:01.784678,2.0408163265306123
2020-04-12 06:47:02.148367,1.8832391713747645
2020-04-12 06:48:01.435694,1.9920318725099602
2020-04-12 06:49:01.763941,2.127659574468085
2020-04-12 06:50:02.076106,2.127659574468085
2020-04-12 06:51:01.378405,2.1739130434782608
2020-04-12 06:52:01.712410,2.0408163265306123
2020-04-12 06:53:02.046730,2.100840336134454
2020-04-12 06:54:01.363215,2.2573363431151243
2020-04-12 06:55:01.670057,2.232142857142857
2020-04-12 06:56:01.989302,2.288329519450801
2020-04-12 06:57:01.340471,2.1645021645021645
2020-04-12 06:58:01.668489,2.1321961620469083
2020-04-12 06:59:02.006946,1.8975332068311195
2020-04-12 07:00:01.324733,2.0
2020-04-12 07:01:01.365885,1.9455252918287937
2020-04-12 07:02:01.607113,2.0
2020-04-12 07:03:01.954788,2.0120724346076457
2020-04-12 07:04:02.269606,1.9841269841269842
2020-04-12 07:05:01.574395,2.0661157024793386
2020-04-12 07:06:01.904630,1.996007984031936
2020-04-12 07:07:02.245276,2.0242914979757085
2020-04-12 07:08:01.534739,2.0491803278688523
2020-04-12 07:09:01.856820,2.070393374741201
2020-04-12 07:10:02.201777,1.9569471624266144
2020-04-12 07:11:01.514150,2.1321961620469083
2020-04-12 07:12:01.796022,2.0964360587002098
2020-04-12 07:13:02.141111,2.1231422505307855
2020-04-12 07:14:01.430598,2.1141649048625792
2020-04-12 07:15:01.655744,2.109704641350211
2020-04-12 07:16:01.972488,2.178649237472767
2020-04-12 07:17:02.302580,2.1231422505307855
2020-04-12 07:18:01.529819,2.272727272727273
2020-04-12 07:19:01.855389,2.127659574468085
2020-04-12 07:20:02.166913,2.277904328018223
2020-04-12 07:21:01.477052,2.4390243902439024
2020-04-12 07:22:01.804589,2.304147465437788
2020-04-12 07:23:02.143922,2.347417840375587
2020-04-12 07:24:01.461239,2.5380710659898478
2020-04-12 07:25:01.774525,2.358490566037736
2020-04-12 07:26:02.076113,2.358490566037736
2020-04-12 07:27:01.422180,2.5974025974025974
2020-04-12 07:28:01.757633,2.314814814814815
2020-04-12 07:29:02.067427,2.347417840375587
2020-04-12 07:30:01.399974,2.4096385542168677
2020-04-12 07:31:01.738941,2.450980392156863
2020-04-12 07:32:02.058758,2.4213075060532687
2020-04-12 07:33:01.368348,2.457002457002457
2020-04-12 07:34:01.671271,2.5906735751295336
2020-04-12 07:35:01.972495,2.6315789473684212
2020-04-12 07:36:02.268698,2.816901408450704
2020-04-12 07:37:01.635356,2.6881720430107525
2020-04-12 07:38:01.964265,2.6246719160104988
2020-04-12 07:39:02.270500,2.5641025641025643
2020-04-12 07:40:01.601066,2.7548209366391183
2020-04-12 07:41:01.885236,2.840909090909091
2020-04-12 07:42:02.179574,2.7472527472527473
2020-04-12 07:43:01.476648,2.9154518950437316
2020-04-12 07:44:01.760078,2.7548209366391183
2020-04-12 07:45:02.069243,3.1446540880503147
2020-04-12 07:46:01.388686,2.9940119760479043
2020-04-12 07:47:01.624533,7.194244604316546
2020-04-12 07:48:01.966783,2.9585798816568047
2020-04-12 07:49:02.272620,2.9154518950437316
2020-04-12 07:50:01.600776,3.401360544217687
2020-04-12 07:51:01.943263,3.0211480362537766
2020-04-12 07:52:02.291498,3.597122302158273
2020-04-12 07:53:01.640039,3.1746031746031744
2020-04-12 07:54:01.961311,3.1446540880503147
2020-04-12 07:55:02.274356,3.278688524590164
2020-04-12 07:56:01.603666,3.367003367003367
2020-04-12 07:57:01.885965,3.5335689045936394
2020-04-12 07:58:02.180419,3.3112582781456954
2020-04-12 07:59:01.478634,4.329004329004329
2020-04-12 08:00:01.787081,3.6363636363636362
2020-04-12 08:01:01.616744,3.676470588235294
2020-04-12 08:02:01.955685,3.5460992907801416
2020-04-12 08:03:02.273118,3.7037037037037037
2020-04-12 08:04:01.572867,3.9840637450199203
2020-04-12 08:05:01.909382,3.8461538461538463
2020-04-12 08:06:02.195936,4.405286343612334
2020-04-12 08:07:01.492653,4.464285714285714
2020-04-12 08:08:01.839104,4.11522633744856
2020-04-12 08:09:02.195548,4.444444444444445
2020-04-12 08:10:01.541806,4.62962962962963
2020-04-12 08:11:01.861656,4.237288135593221
2020-04-12 08:12:02.197578,4.184100418410042
2020-04-12 08:13:01.496532,4.237288135593221
2020-04-12 08:14:01.811013,4.065040650406504
2020-04-12 08:15:02.146872,4.329004329004329
2020-04-12 08:16:01.434201,4.608294930875576
2020-04-12 08:17:01.675112,4.926108374384237
2020-04-12 08:18:02.044872,4.237288135593221
2020-04-12 08:19:01.350764,5.2356020942408374
2020-04-12 08:20:01.654286,4.25531914893617
2020-04-12 08:21:01.944206,4.405286343612334
2020-04-12 08:22:02.260800,5.319148936170213
2020-04-12 08:23:01.596517,4.651162790697675
2020-04-12 08:24:01.882654,4.8076923076923075
2020-04-12 08:25:02.178648,4.566210045662101
2020-04-12 08:26:01.475870,5.1020408163265305
2020-04-12 08:27:01.780908,4.524886877828054
2020-04-12 08:28:02.065939,4.672897196261682
2020-04-12 08:29:01.371644,4.651162790697675
2020-04-12 08:30:01.656582,4.62962962962963
2020-04-12 08:31:01.995810,4.739336492890995
2020-04-12 08:32:01.221735,4.716981132075472
2020-04-12 08:33:01.554015,4.761904761904762
2020-04-12 08:34:01.856491,4.8076923076923075
2020-04-12 08:35:02.166456,4.672897196261682
2020-04-12 08:36:01.476780,4.8076923076923075
2020-04-12 08:37:01.779016,5.434782608695652
2020-04-12 08:38:02.078067,5.208333333333333
2020-04-12 08:39:01.366164,5.434782608695652
2020-04-12 08:40:01.670666,5.319148936170213
2020-04-12 08:41:01.973081,5.347593582887701
2020-04-12 08:42:01.273934,5.649717514124294
2020-04-12 08:43:01.602548,4.8076923076923075
2020-04-12 08:44:01.915672,5.0761421319796955
2020-04-12 08:45:02.249790,6.024096385542169
2020-04-12 08:46:01.542848,5.208333333333333
2020-04-12 08:47:01.860534,5.347593582887701
2020-04-12 08:48:02.167039,5.434782608695652
2020-04-12 08:49:01.498545,5.2631578947368425
2020-04-12 08:50:01.813140,5.555555555555555
2020-04-12 08:51:02.118722,5.1020408163265305
2020-04-12 08:52:01.422800,5.291005291005291
2020-04-12 08:53:01.721854,5.154639175257732
2020-04-12 08:54:02.003666,4.901960784313726
2020-04-12 08:55:01.342126,5.05050505050505
2020-04-12 08:56:01.631737,5.05050505050505
2020-04-12 08:57:01.927311,5.2631578947368425
2020-04-12 08:58:02.259044,5.2356020942408374
2020-04-12 08:59:01.570209,5.2356020942408374
2020-04-12 09:00:01.882367,4.8076923076923075
2020-04-12 09:01:01.686207,4.878048780487805
2020-04-12 09:02:01.992384,4.62962962962963
2020-04-12 09:03:01.309808,4.830917874396135
2020-04-12 09:04:01.647810,4.975124378109452
2020-04-12 09:05:01.961951,4.830917874396135
2020-04-12 09:06:02.239302,4.901960784313726
2020-04-12 09:07:01.464666,5.025125628140704
2020-04-12 09:08:01.771894,4.854368932038835
2020-04-12 09:09:02.075103,5.0761421319796955
2020-04-12 09:10:01.404746,5.0761421319796955
2020-04-12 09:11:01.747027,5.1020408163265305
2020-04-12 09:12:02.051110,4.854368932038835
2020-04-12 09:13:01.336233,4.926108374384237
2020-04-12 09:14:01.681412,5.128205128205129
2020-04-12 09:15:01.978213,5.4945054945054945
2020-04-12 09:16:01.282766,5.2356020942408374
2020-04-12 09:17:01.564691,4.926108374384237
2020-04-12 09:18:01.899078,4.926108374384237
2020-04-12 09:19:02.242433,5.1020408163265305
2020-04-12 09:20:01.555971,4.975124378109452
2020-04-12 09:21:01.869418,4.975124378109452
2020-04-12 09:22:02.173255,5.0761421319796955
2020-04-12 09:23:01.480024,5.405405405405405
2020-04-12 09:24:01.776760,4.878048780487805
2020-04-12 09:25:02.076991,4.878048780487805
2020-04-12 09:26:01.375817,5.2356020942408374
2020-04-12 09:27:01.679023,4.9504950495049505
2020-04-12 09:28:02.011939,4.9504950495049505
2020-04-12 09:29:01.347206,4.761904761904762
2020-04-12 09:30:01.633005,4.784688995215311
2020-04-12 09:31:01.956041,4.524886877828054
2020-04-12 09:32:02.266417,4.464285714285714
2020-04-12 09:33:01.598368,4.405286343612334
2020-04-12 09:34:01.884919,4.545454545454546
2020-04-12 09:35:02.184758,4.901960784313726
2020-04-12 09:36:01.490600,4.464285714285714
2020-04-12 09:37:01.810178,4.273504273504273
2020-04-12 09:38:02.117562,4.444444444444445
2020-04-12 09:39:01.423123,4.739336492890995
2020-04-12 09:40:01.712441,4.329004329004329
2020-04-12 09:41:02.047327,4.329004329004329
2020-04-12 09:42:01.282707,4.444444444444445
2020-04-12 09:43:01.605737,4.587155963302752
2020-04-12 09:44:01.943311,4.672897196261682
2020-04-12 09:45:02.260412,4.926108374384237
2020-04-12 09:46:01.595619,5.2356020942408374
2020-04-12 09:47:01.941174,5.1020408163265305
2020-04-12 09:48:02.259091,15.384615384615385
2020-04-12 09:49:01.567577,5.181347150259067
2020-04-12 09:50:01.877286,5.128205128205129
2020-04-12 09:51:02.181820,6.024096385542169
2020-04-12 09:52:01.408690,5.617977528089888
2020-04-12 09:53:01.719585,6.289308176100629
2020-04-12 09:54:02.050453,5.555555555555555
2020-04-12 09:55:01.364188,5.882352941176471
2020-04-12 09:56:01.672062,6.944444444444445
2020-04-12 09:57:01.979527,6.0606060606060606
2020-04-12 09:58:01.282893,6.097560975609756
2020-04-12 09:59:01.579642,6.369426751592357
2020-04-12 10:00:01.912149,6.756756756756757
2020-04-12 10:01:01.874498,6.993006993006993
2020-04-12 10:02:02.211500,6.756756756756757
2020-04-12 10:03:01.546385,6.4935064935064934
2020-04-12 10:04:01.857978,6.7114093959731544
2020-04-12 10:05:02.137691,7.874015748031496
2020-04-12 10:06:01.480796,6.944444444444445
2020-04-12 10:07:01.780048,6.944444444444445
2020-04-12 10:08:02.110457,7.194244604316546
2020-04-12 10:09:01.395955,7.042253521126761
2020-04-12 10:10:01.688960,7.092198581560283
2020-04-12 10:11:02.009454,7.092198581560283
2020-04-12 10:12:01.358949,7.194244604316546
2020-04-12 10:13:01.667814,6.622516556291391
2020-04-12 10:14:01.954960,6.802721088435374
2020-04-12 10:15:02.266662,6.329113924050633
2020-04-12 10:16:01.553920,6.369426751592357
2020-04-12 10:17:01.855522,6.410256410256411
2020-04-12 10:18:02.194418,6.211180124223603
2020-04-12 10:19:01.483938,6.172839506172839
2020-04-12 10:20:01.777254,6.25
2020-04-12 10:21:02.098126,6.25
2020-04-12 10:22:01.412634,6.5359477124183005
2020-04-12 10:23:01.747807,6.578947368421052
2020-04-12 10:24:02.075635,6.7114093959731544
2020-04-12 10:25:01.382053,6.211180124223603
2020-04-12 10:26:01.678414,5.813953488372093
2020-04-12 10:27:02.007235,6.5359477124183005
2020-04-12 10:28:01.313649,6.25
2020-04-12 10:29:01.684741,6.369426751592357
2020-04-12 10:30:02.002712,6.369426751592357
2020-04-12 10:31:01.314178,6.329113924050633
2020-04-12 10:32:01.648868,5.9523809523809526
2020-04-12 10:33:02.003138,5.882352941176471
2020-04-12 10:34:01.314045,5.319148936170213
2020-04-12 10:35:01.667178,5.2631578947368425
2020-04-12 10:36:01.958588,5.434782608695652
2020-04-12 10:37:02.189876,5.524861878453039
2020-04-12 10:38:01.510315,4.878048780487805
2020-04-12 10:39:01.830403,4.8076923076923075
2020-04-12 10:40:02.136993,4.830917874396135
2020-04-12 10:41:01.491351,5.405405405405405
2020-04-12 10:42:01.814732,5.2631578947368425
2020-04-12 10:43:02.127521,4.854368932038835
2020-04-12 10:44:01.434962,4.761904761904762
2020-04-12 10:45:01.763166,4.926108374384237
2020-04-12 10:46:02.083493,4.854368932038835
2020-04-12 10:47:01.408285,4.784688995215311
2020-04-12 10:48:01.708588,4.694835680751174
2020-04-12 10:49:01.998525,4.830917874396135
2020-04-12 10:50:01.295727,5.46448087431694
2020-04-12 10:51:01.628069,5.025125628140704
2020-04-12 10:52:01.967149,5.0761421319796955
2020-04-12 10:53:02.251500,5.2356020942408374
2020-04-12 10:54:01.551134,5.128205128205129
2020-04-12 10:55:01.851982,5.025125628140704
2020-04-12 10:56:02.180112,5.181347150259067
2020-04-12 10:57:01.504895,5.9171597633136095
2020-04-12 10:58:01.828970,5.4945054945054945
2020-04-12 10:59:02.115023,5.376344086021505
2020-04-12 11:00:01.396182,5.780346820809249
2020-04-12 11:01:01.367073,6.369426751592357
2020-04-12 11:02:01.597276,6.451612903225806
2020-04-12 11:03:01.923760,6.622516556291391
2020-04-12 11:04:02.259406,6.666666666666667
2020-04-12 11:05:01.584096,6.4935064935064934
2020-04-12 11:06:01.886940,6.410256410256411
2020-04-12 11:07:02.197388,6.578947368421052
2020-04-12 11:08:01.518145,6.622516556291391
2020-04-12 11:09:01.829825,6.7114093959731544
2020-04-12 11:10:02.119995,7.299270072992701
2020-04-12 11:11:01.431409,7.751937984496124
2020-04-12 11:12:01.760339,7.352941176470588
2020-04-12 11:13:02.054000,6.993006993006993
2020-04-12 11:14:01.381855,7.194244604316546
2020-04-12 11:15:01.708755,7.633587786259542
2020-04-12 11:16:02.030129,7.6923076923076925
2020-04-12 11:17:01.346063,8.064516129032258
2020-04-12 11:18:01.610248,8.928571428571429
2020-04-12 11:19:01.947159,8.064516129032258
2020-04-12 11:20:02.274110,7.8125
2020-04-12 11:21:01.611904,8.695652173913043
2020-04-12 11:22:01.928079,8.064516129032258
2020-04-12 11:23:02.244080,7.6923076923076925
2020-04-12 11:24:01.562062,8.19672131147541
2020-04-12 11:25:01.887599,8.547008547008547
2020-04-12 11:26:02.226078,8.064516129032258
2020-04-12 11:27:01.593310,8.928571428571429
2020-04-12 11:28:01.915117,8.620689655172415
2020-04-12 11:29:02.229346,9.25925925925926
2020-04-12 11:30:01.575680,9.00900900900901
2020-04-12 11:31:01.877497,9.345794392523365
2020-04-12 11:32:02.216450,9.174311926605505
2020-04-12 11:33:01.533040,9.803921568627452
2020-04-12 11:34:01.847520,9.900990099009901
2020-04-12 11:35:02.184645,10.526315789473685
2020-04-12 11:36:01.474157,10.416666666666666
2020-04-12 11:37:01.795853,10.416666666666666
2020-04-12 11:38:02.111003,10.416666666666666
2020-04-12 11:39:01.441472,10.1010101010101
2020-04-12 11:40:01.767418,10.526315789473685
2020-04-12 11:41:02.110308,10.526315789473685
2020-04-12 11:42:01.337411,9.25925925925926
2020-04-12 11:43:01.666973,8.928571428571429
2020-04-12 11:44:01.951935,9.25925925925926
2020-04-12 11:45:02.276511,8.928571428571429
2020-04-12 11:46:01.593278,9.615384615384615
2020-04-12 11:47:01.823524,8.928571428571429
2020-04-12 11:48:02.139777,9.25925925925926
2020-04-12 11:49:01.469504,9.00900900900901
2020-04-12 11:50:01.801028,9.00900900900901
2020-04-12 11:51:02.105841,9.174311926605505
2020-04-12 11:52:01.435929,10.309278350515465
2020-04-12 11:53:01.742188,8.695652173913043
2020-04-12 11:54:02.083683,9.615384615384615
2020-04-12 11:55:01.401901,9.615384615384615
2020-04-12 11:56:01.719210,10.1010101010101
2020-04-12 11:57:02.058954,9.174311926605505
2020-04-12 11:58:01.379290,10.1010101010101
2020-04-12 11:59:01.706375,9.433962264150944
2020-04-12 12:00:02.028572,9.615384615384615
2020-04-12 12:01:01.868172,9.345794392523365
2020-04-12 12:02:02.191399,9.70873786407767
2020-04-12 12:03:01.488308,9.433962264150944
2020-04-12 12:04:01.798578,9.345794392523365
2020-04-12 12:05:02.093549,10.204081632653061
2020-04-12 12:06:01.397179,10.0
2020-04-12 12:07:01.716301,10.0
2020-04-12 12:08:02.033908,9.615384615384615
2020-04-12 12:09:01.336672,9.615384615384615
2020-04-12 12:10:01.658584,8.849557522123893
2020-04-12 12:11:01.979452,8.849557522123893
2020-04-12 12:12:01.324410,9.803921568627452
2020-04-12 12:13:01.668933,10.0
2020-04-12 12:14:01.984170,10.1010101010101
2020-04-12 12:15:01.316258,10.204081632653061
2020-04-12 12:16:01.608446,10.204081632653061
2020-04-12 12:17:01.906805,9.615384615384615
2020-04-12 12:18:02.229593,9.090909090909092
2020-04-12 12:19:01.565306,9.345794392523365
2020-04-12 12:20:01.882061,9.00900900900901
2020-04-12 12:21:02.222109,9.345794392523365
2020-04-12 12:22:01.449058,9.090909090909092
2020-04-12 12:23:01.747801,8.333333333333334
2020-04-12 12:24:02.042816,9.433962264150944
2020-04-12 12:25:01.368976,9.803921568627452
2020-04-12 12:26:01.679666,10.0
2020-04-12 12:27:01.995563,9.523809523809524
2020-04-12 12:28:01.307452,9.174311926605505
2020-04-12 12:29:01.594864,9.174311926605505
2020-04-12 12:30:01.919889,8.928571428571429
2020-04-12 12:31:02.210454,8.264462809917354
2020-04-12 12:32:01.476646,8.474576271186441
2020-04-12 12:33:01.812333,8.695652173913043
2020-04-12 12:34:02.137788,8.333333333333334
2020-04-12 12:35:01.432345,8.064516129032258
2020-04-12 12:36:01.767895,8.264462809917354
2020-04-12 12:37:02.060929,8.547008547008547
2020-04-12 12:38:01.378976,7.633587786259542
2020-04-12 12:39:01.725989,8.130081300813009
2020-04-12 12:40:02.065406,8.19672131147541
2020-04-12 12:41:01.388041,9.090909090909092
2020-04-12 12:42:01.676618,8.474576271186441
2020-04-12 12:43:02.012420,8.130081300813009
2020-04-12 12:44:01.334425,7.751937984496124
2020-04-12 12:45:01.657753,8.547008547008547
2020-04-12 12:46:01.974232,8.130081300813009
2020-04-12 12:47:01.303431,8.264462809917354
2020-04-12 12:48:01.629007,8.403361344537815
2020-04-12 12:49:01.942588,7.633587786259542
2020-04-12 12:50:02.288633,9.174311926605505
2020-04-12 12:51:01.592491,8.695652173913043
2020-04-12 12:52:01.921943,8.0
2020-04-12 12:53:02.238956,7.936507936507937
2020-04-12 12:54:01.571127,8.333333333333334
2020-04-12 12:55:01.910819,9.345794392523365
2020-04-12 12:56:02.201265,8.620689655172415
2020-04-12 12:57:01.505070,10.204081632653061
2020-04-12 12:58:01.836310,9.090909090909092
2020-04-12 12:59:02.191250,8.547008547008547
2020-04-12 13:00:01.511139,8.928571428571429
2020-04-12 13:01:01.378142,9.615384615384615
2020-04-12 13:02:01.609522,10.1010101010101
2020-04-12 13:03:01.935363,10.0
2020-04-12 13:04:02.274472,10.1010101010101
2020-04-12 13:05:01.600890,9.900990099009901
2020-04-12 13:06:01.928767,9.900990099009901
2020-04-12 13:07:02.176419,11.363636363636363
2020-04-12 13:08:01.526697,11.11111111111111
2020-04-12 13:09:01.816901,10.309278350515465
2020-04-12 13:10:02.131603,11.363636363636363
2020-04-12 13:11:01.430374,10.0
2020-04-12 13:12:01.739762,9.25925925925926
2020-04-12 13:13:02.083001,10.75268817204301
2020-04-12 13:14:01.391239,10.309278350515465
2020-04-12 13:15:01.723712,10.0
2020-04-12 13:16:02.024723,10.869565217391305
2020-04-12 13:17:01.376739,10.526315789473685
2020-04-12 13:18:01.724151,9.900990099009901
2020-04-12 13:19:02.020179,9.900990099009901
2020-04-12 13:20:01.354558,10.416666666666666
2020-04-12 13:21:01.646618,11.11111111111111
2020-04-12 13:22:01.947315,10.75268817204301
2020-04-12 13:23:02.173599,11.627906976744185
2020-04-12 13:24:01.488852,10.75268817204301
2020-04-12 13:25:01.803470,10.75268817204301
2020-04-12 13:26:02.096157,11.627906976744185
2020-04-12 13:27:01.433891,11.494252873563218
2020-04-12 13:28:01.749101,10.416666666666666
2020-04-12 13:29:02.071994,10.1010101010101
2020-04-12 13:30:01.358598,9.615384615384615
2020-04-12 13:31:01.678925,9.615384615384615
2020-04-12 13:32:02.027953,9.70873786407767
2020-04-12 13:33:01.316781,10.526315789473685
2020-04-12 13:34:01.600390,9.090909090909092
2020-04-12 13:35:01.918453,9.433962264150944
2020-04-12 13:36:02.258876,10.0
2020-04-12 13:37:01.556321,10.75268817204301
2020-04-12 13:38:01.860411,11.235955056179776
2020-04-12 13:39:02.153834,12.820512820512821
2020-04-12 13:40:01.486640,12.987012987012987
2020-04-12 13:41:01.803552,12.5
2020-04-12 13:42:02.131394,12.987012987012987
2020-04-12 13:43:01.445917,14.492753623188406
2020-04-12 13:44:01.729430,13.513513513513514
2020-04-12 13:45:02.037266,13.513513513513514
2020-04-12 13:46:01.340866,12.820512820512821
2020-04-12 13:47:01.684649,13.333333333333334
2020-04-12 13:48:02.022196,12.5
2020-04-12 13:49:01.318871,12.820512820512821
2020-04-12 13:50:01.651574,12.987012987012987
2020-04-12 13:51:01.944742,12.195121951219512
2020-04-12 13:52:02.171103,32.25806451612903
2020-04-12 13:53:01.500961,11.235955056179776
2020-04-12 13:54:01.827279,11.235955056179776
2020-04-12 13:55:02.134793,12.195121951219512
2020-04-12 13:56:01.454055,10.416666666666666
2020-04-12 13:57:01.746983,9.00900900900901
2020-04-12 13:58:02.080669,11.904761904761905
2020-04-12 13:59:01.366025,7.575757575757576
2020-04-12 14:00:01.659620,7.352941176470588
2020-04-12 14:01:02.205772,7.936507936507937
2020-04-12 14:02:01.533451,8.771929824561404
2020-04-12 14:03:01.876165,7.246376811594203
2020-04-12 14:04:02.197668,7.575757575757576
2020-04-12 14:05:01.526658,7.8125
2020-04-12 14:06:01.836405,9.090909090909092
2020-04-12 14:07:02.140801,8.928571428571429
2020-04-12 14:08:01.448769,8.620689655172415
2020-04-12 14:09:01.775872,9.615384615384615
2020-04-12 14:10:02.112813,10.638297872340425
2020-04-12 14:11:01.435631,13.157894736842104
2020-04-12 14:12:01.754132,21.27659574468085
2020-04-12 14:13:02.094264,30.303030303030305
2020-04-12 14:14:01.322148,17.24137931034483
2020-04-12 14:15:01.646582,15.384615384615385
2020-04-12 14:16:01.979139,14.925373134328359
2020-04-12 14:17:01.301430,200.0
2020-04-12 14:18:01.630062,19.23076923076923
2020-04-12 14:19:01.939836,11.904761904761905
2020-04-12 14:20:02.239065,10.869565217391305
2020-04-12 14:21:01.474848,11.363636363636363
2020-04-12 14:22:01.823872,12.658227848101266
2020-04-12 14:23:02.138214,12.345679012345679
2020-04-12 14:24:01.473056,12.5
2020-04-12 14:25:01.783511,11.494252873563218
2020-04-12 14:26:02.120559,11.363636363636363
2020-04-12 14:27:01.346922,9.900990099009901
2020-04-12 14:28:01.684344,10.638297872340425
2020-04-12 14:29:01.991234,10.416666666666666
2020-04-12 14:30:01.274445,10.416666666666666
2020-04-12 14:31:01.612816,10.204081632653061
2020-04-12 14:32:01.902046,10.204081632653061
2020-04-12 14:33:02.229490,11.11111111111111
2020-04-12 14:34:01.568486,11.904761904761905
2020-04-12 14:35:01.865286,14.705882352941176
2020-04-12 14:36:02.190284,66.66666666666667
2020-04-12 14:37:01.531876,15.384615384615385
2020-04-12 14:38:01.864393,14.925373134328359
2020-04-12 14:39:02.149928,83.33333333333333
2020-04-12 14:40:01.376283,1000.0
2020-04-12 14:41:01.723026,1000.0
2020-04-12 14:42:02.058768,1000.0
2020-04-12 14:43:01.356170,1000.0
2020-04-12 14:44:01.674842,1000.0
2020-04-12 14:45:01.996243,1000.0
2020-04-12 14:46:01.319886,250.0
2020-04-12 14:47:01.618903,1000.0
2020-04-12 14:49:02.276290,250.0
2020-04-12 14:50:01.590951,18.181818181818183
2020-04-12 14:51:01.919535,17.857142857142858
2020-04-12 14:52:02.221722,62.5
2020-04-12 14:53:01.490694,58.8235294117647
2020-04-12 14:54:01.809100,71.42857142857143
2020-04-12 14:55:02.134573,18.51851851851852
2020-04-12 14:56:01.452628,15.873015873015873
2020-04-12 14:57:01.731253,125.0
2020-04-12 14:58:02.037527,200.0
2020-04-12 14:59:01.335942,30.303030303030305
2020-04-12 15:00:01.653531,18.867924528301888
2020-04-12 15:01:02.186651,16.666666666666668
2020-04-12 15:02:01.516957,15.384615384615385
2020-04-12 15:03:01.856060,16.666666666666668
2020-04-12 15:04:02.185224,16.949152542372882
2020-04-12 15:05:01.511333,16.666666666666668
2020-04-12 15:06:01.809741,17.54385964912281
2020-04-12 15:07:02.122851,17.24137931034483
2020-04-12 15:08:01.450663,25.641025641025642
2020-04-12 15:09:01.766826,15.625
2020-04-12 15:10:02.084664,18.51851851851852
2020-04-12 15:11:01.424403,18.181818181818183
2020-04-12 15:12:01.748020,22.727272727272727
2020-04-12 15:13:02.085109,17.857142857142858
2020-04-12 15:14:01.425989,15.384615384615385
2020-04-12 15:15:01.729525,14.925373134328359
2020-04-12 15:16:02.036253,15.384615384615385
2020-04-12 15:17:01.324650,13.698630136986301
2020-04-12 15:18:01.638459,13.513513513513514
2020-04-12 15:19:01.939951,13.513513513513514
2020-04-12 15:20:02.239887,12.195121951219512
2020-04-12 15:21:01.560098,12.195121951219512
2020-04-12 15:22:01.793095,13.157894736842104
2020-04-12 15:23:02.122443,14.285714285714286
2020-04-12 15:24:01.436931,13.333333333333334
2020-04-12 15:25:01.744119,12.820512820512821
2020-04-12 15:26:02.046292,12.987012987012987
2020-04-12 15:27:01.371786,15.384615384615385
2020-04-12 15:28:01.601489,14.084507042253522
2020-04-12 15:29:01.905446,13.513513513513514
2020-04-12 15:30:02.197051,14.705882352941176
2020-04-12 15:31:01.468539,12.987012987012987
2020-04-12 15:32:01.783126,12.5
2020-04-12 15:33:02.088427,14.285714285714286
2020-04-12 15:34:01.425218,12.5
2020-04-12 15:35:01.733415,11.235955056179776
2020-04-12 15:36:02.069641,10.416666666666666
2020-04-12 15:37:01.420960,10.869565217391305
2020-04-12 15:38:01.761334,11.494252873563218
2020-04-12 15:39:02.081830,12.5
